Location,Datetime Start,Datetime End
"Baliwasan, Dedicated & San Jose Feeder (Baliwasan Seaside; R.T. Lim Blvd; Mayor JF Enriquez; Suterville; Sangali Island; Camp General Hospital; Putik; San Jose Gusu; Cawa-Cawa)",2026-10-04 06:00,2026-10-04 12:00
Single Phase Lateral Line - Saavedra,2026-09-25 09:00,2026-09-25 13:00
"Pitogo 3-phase recloser - Pitogo, Sinunuc, Sinunuc interior to boundary Sinunuc-Calarian",2026-09-25 09:00,2026-09-25 15:00
"50kVA Common Distribution Transformer - portion of Don Alfaro Street, Tetuan",2026-09-25 09:00,2026-09-25 11:00
Single Phase Lateral Fuse Cutout - Barangay Mariki,2026-09-23 09:00,2026-09-23 15:00
"Sinubong Single Phase Recloser - Patalon, Labuan, Limpapa",2026-09-23 06:00,2026-09-23 14:00
"Culianan feeder - portions of Sangali, Victoria, Manicahan, Lapakan, Cabaluay, Cacao, Tolosa",2026-09-21 13:00,2026-09-21 13:20
"Tulungatung 3-phase recloser - Brgy. Tulungatung and part of Zone 6, Ayala",2026-09-19 09:00,2026-09-19 15:00
"Cacao Recloser - portion of Zone 1, Brgy. Cabaluay to Brgy. Cacao",2026-09-19 09:00,2026-09-19 13:00
"Dedicated feeder - Suterville, Azucena & Suter St, Mango Dr, Pogi Dr, Sampaloc Dr, Love Dr, Jambiran Dr, Marlboro Dr, Stanvac/lower",2026-09-19 01:30,2026-09-19 02:10
"Dedicated Feeder (hotline clamp isolation) - Azucena, Suter Street, Mango Dr",2026-09-18 09:00,2026-09-18 09:30
"Big Feeder - Pasilmanta, Landang Laum, Sacol Island",2026-09-18 09:00,2026-09-18 15:00
"San Ramon Recloser - part of San Ramon, Sinubong, Patalon, Labuan, Limpapa, Ecozone",2026-09-17 12:30,2026-09-17 18:30
"Big Feeder - Pasilmanta, Landang Laum, Sacol Island",2026-09-17 09:00,2026-09-17 15:00
Single Phase Lateral Fuse Cutout - Barangay Mariki,2026-09-15 09:00,2026-09-15 15:00
Guisao Recloser - Brgy. Guisao,2026-09-15 09:00,2026-09-15 12:00
50kVA Common Distribution Transformer - portion of Alvarez Drive & Talon-talon Highway fronting McDonald's,2026-09-15 09:00,2026-09-15 12:00
"Rio Hondo Feeder - Camanchile Substation to Veterans Ave, ZCMC, Metrodiscom, LTO Office, part of Rizal Street",2026-09-14 18:00,2026-09-14 18:30
Fuse Cutout - Maasin Interior,2026-09-14 10:00,2026-09-14 16:00
"Sta. Catalina Recloser - Brgy. Sta. Catalina, Sta. Barbara, Kasanyangan",2026-09-11 09:00,2026-09-11 11:00
"Pamucutan Recloser - part of Talisayan Zone 3, Pamucutan to Sitio Anuling and Sitio Papaya",2026-09-11 09:00,2026-09-11 12:00
"Fuse Cut-out lateral line - Merloquet, Brgy. Sibulao",2026-09-11 09:00,2026-09-11 14:00
"San Ramon Three Phase Recloser - part of San Ramon, Sinubong, Patalon, Labuan, Limpapa, Ecozone",2026-09-10 06:00,2026-09-10 12:00
Single Phase Lateral Fuse Cutout - Barangay Mariki,2026-09-09 09:00,2026-09-09 15:00
"Boalan Recloser - Tala Boalan, Tala Enriquez Dr, BT, Lumiyap, Lumbangan, Lumayang, Farcas Dr, Santiago Rd, Divisoria",2026-09-09 06:00,2026-09-09 12:00
"Sinubong Single Phase Recloser - Patalon, Labuan, Limpapa",2026-09-07 12:30,2026-09-07 18:30
"Talisayan Feeder - portion of Brgy. Ayala (Dreamville, Permex, Calle Waras, Assumption), Dumagsa, portion of Brgy. Talisayan",2026-09-07 06:00,2026-09-07 12:00
Cacao Recloser - Brgy. Cacao to Brgy. Tolosa,2026-09-05 09:00,2026-09-05 14:00
167kVA Common Distribution Transformer - portion of Sta. Maria near Oro Wonder Drug,2026-09-04 11:00,2026-09-04 13:00
25kVA Common Distribution Transformer - portion of Sinubong Highway,2026-09-04 09:30,2026-09-04 11:30
"Bolong Recloser - Brgy. Bolong, Panubigan, Lubigan, Dita, Quiniput",2026-09-02 12:00,2026-09-02 14:00
"Three Phase Recloser - entire Brgy. Talon-talon, Tugbungan, Arena Blanco, Morning Breeze to Chimang",2026-09-02 03:00,2026-09-02 07:00
Single Phase Lateral Fuse Cutout - Barangay Mariki,2026-09-01 09:00,2026-09-01 15:00
"75kVA & 50kVA Common Distribution Transformer - parts of Felisario Drive Subdivision, Divisoria",2026-09-01 09:00,2026-09-01 13:00
"Dita Recloser - Brgy. Dita, Quiniput, Curuan, Calabasa, Latuan, Buenavista, Muti",2026-08-31 09:00,2026-08-31 16:00
Single-phase lateral line - part of Cawit and entire Baluno,2026-08-29 08:00,2026-08-29 16:00
"Pasobolong Feeder - Shell Mercedes, Ducaan, Boalan to portion of Lumiyap, Buenagatas, Boalan to Sitio Makulum",2026-08-29 06:00,2026-08-29 12:00
"Fuse Cutout at Petron & Suterville Recloser - Baliwasan Seaside, Phidco to Baliwasan 2GO Container, Campo Islam, Philippine Naval Station, portion of Suterville",2026-08-27 06:00,2026-08-27 07:00
"Single Phase Lateral Fuse Cutout - Bienvenidos Drive, Brgy. Canelar",2026-08-24 10:00,2026-08-24 11:00
"37.5kVA & 50kVA Common Distribution Transformer - parts of Pasay-Masiay, San Roque",2026-08-24 09:00,2026-08-24 13:00
NGCP shutdown at Zamboanga Substation - ZAMCELCO Putik and Sangali Substations (specific areas determined by ZAMCELCO),2026-08-23 06:00,2026-08-23 18:00
Single-phase lateral line - portion of Lanzones,2026-08-22 09:00,2026-08-22 13:00
"Fuse Cut-out at Petron, Baliwasan - entire Baliwasan Grande, Baliwasan Seaside, Phidco",2026-08-22 06:00,2026-08-22 12:00
"Talisayan Feeder - portion of Brgy. Ayala (Dreamville, Permex, Calle Waras, Assumption), Dumagsa, portion of Brgy. Talisayan",2026-08-21 12:00,2026-08-21 18:00
"Rio Hondo Feeder - Camanchile Substation to Veterans Ave, ZCMC, Metrodiscom, LTO Office, part of Rizal Street",2026-08-21 09:00,2026-08-21 13:00
"San Ramon Recloser - part of San Ramon, Sinubong, Patalon, Labuan, Limpapa, Ecozone",2026-08-21 06:00,2026-08-21 12:00
"Talisayan Feeder - portion of Brgy. Ayala (Dreamville, Permex, Calle Waras, Assumption), Dumagsa, portion of Brgy. Talisayan",2026-08-17 12:00,2026-08-17 18:00
"San Ramon Recloser - part of San Ramon, Sinubong, Patalon, Labuan, Limpapa, Ecozone",2026-08-17 06:00,2026-08-17 12:00
"Dita Recloser - Brgy. Dita, Quiniput, Curuan, Calabasa, Latuan, Buenavista, Muti",2026-08-15 09:00,2026-08-15 15:00
"San Roque Recloser - Pasay Road, Hipolito Drive, Estrada Drive, Ruste Drive, River Side",2026-08-14 22:40,2026-08-14 23:00
Bunguiao Recloser & Fuse cut-out - Barangay Bunguiao,2026-08-12 08:00,2026-08-12 14:00
Patalon Single-Phase Recloser - Patalon Agrarian,2026-08-10 09:30,2026-08-10 10:30
"Talisayan Feeder - portion of Brgy. Ayala (NJB Subd, Dreamville, Permex, Calle Waras, Assumption), Dumagsa, portion of Brgy. Talisayan",2026-08-09 12:30,2026-08-09 18:30
"Single-Phase Lateral Line - portion of Sapa Bongga, Lanzones",2026-08-08 09:00,2026-08-08 13:00
"Corote Malagutay Lateral Line - portion of Malagutay from Malagutay chapel to Corote Bypass, Capisan Tumanday",2026-08-08 09:00,2026-08-08 15:00
Guisao Recloser - Brgy. Guisao,2026-08-07 15:00,2026-08-07 17:00
"San Roque Feeder - Pasay Road, Hipolito Drive, Estrada Drive, Ruste Drive/River Drive side, Mango Dr, Santan Dr, Salum, Armor Village",2026-08-07 13:00,2026-08-07 15:00
50kVA Common Distribution Transformer - Sta. Maria-Pasonanca Road near Hacienda de Palmeras,2026-08-07 13:00,2026-08-07 15:00
"Single Phase Lateral Line - Fernandez Drive, Tugbungan",2026-08-07 09:00,2026-08-07 11:00
Fuse cut-out - Barangay Muti,2026-08-07 09:00,2026-08-07 13:00
"Pitogo-Tulungatung 69kV line - Recodo Substation, Ayala Substation, Big Fish, PERMEX, Tin Can Oriental, Mega Fishing Corp. (Talisayan and Cawit)",2026-08-07 03:00,2026-08-07 04:00
"Single-Phase Lateral - Malunggay Drive, Brgy. Sta. Barbara",2026-08-05 09:00,2026-08-05 11:00
"Recodo Feeder - Brgy. Recodo, Rowell Tin Can, portion of Brgy. Cawit, portion of Brgy. Ayala",2026-08-02 22:15,2026-08-02 22:35
"Single-phase Lateral Line - Kilometer 7, Pasonanca",2026-08-01 09:00,2026-08-01 15:00
"3-phase Lateral Fuse Cutout - Alejo Alvarez St (Montenegro, Caldwell School, Camp Battala Aleson)",2026-08-01 09:00,2026-08-01 11:00
"Cacao Recloser - Zone 1 Cabaluay, Brgy. Cacao, Brgy. Tolosa",2026-08-01 08:00,2026-08-01 14:00
"50kVA Common Distribution Transformer - Lorenzo Heights Drive, Putik",2026-07-31 08:30,2026-07-31 11:30
"Sta. Catalina Recloser - Martha Drive, Vicente Chiong Drive, Ayer Vil",2026-07-30 09:00,2026-07-30 09:10
Fuse cut-out lateral line - Brgy. Muti,2026-07-30 09:00,2026-07-30 15:00
37.5kVA Common Distribution Transformer - parts of Veterans Avenue and Padre Camino Nuevo,2026-07-30 09:00,2026-07-30 12:00
"25kVA Common Distribution Transformer - parts of Corote, Manicahan",2026-07-25 14:00,2026-07-25 16:00
"Dita Recloser - Brgy. Dita, Quiniput, Curuan, Calabasa, Latuan, Buenavista, Muti",2026-07-25 08:00,2026-07-25 14:00
"Fuse Cutout - Buenakapok, Sapa Bongga, portion of Brgy. Lanzones",2026-07-24 09:00,2026-07-24 13:00
"Dedicated feeder - Suterville, Azucena & Suter St, Mango Dr, Pogi Dr, Sampaloc Dr, Love Dr, Jambiran Dr, Marlboro Dr, Stanvac/lower",2026-07-23 15:30,2026-07-23 18:30
"Talisayan Feeder - portion of Brgy. Ayala (NJB Subd, Dreamville, Permex, Calle Waras, Assumption), Dumagsa, portion of Brgy. Talisayan",2026-07-23 12:30,2026-07-23 18:30
"Single-phase Recloser - Sitio Valle Vista, Asinan Kanal, Sitio Padios village, Brgy. Kasanyangan",2026-07-23 09:00,2026-07-23 12:00
"Sinubong Single Phase Recloser - Patalon, Labuan, Limpapa",2026-07-23 06:00,2026-07-23 12:00
"Curuan Feeder - portion of Brgy. Sangali, Bolong, Panubigan, Lubigan, Dita, Quiniput, Curuan",2026-07-22 19:00,2026-07-22 20:00
3-phase Lateral - areas at the back of ABS-CBN & ZAEC Hospital,2026-07-22 09:00,2026-07-22 11:00
Calabasa Recloser - Brgy. Calabasa,2026-07-21 13:00,2026-07-21 15:00
Latuan Recloser - Brgy. Latuan,2026-07-21 09:00,2026-07-21 12:00
"Talisayan Feeder - portion of Brgy. Ayala (NJB Subd, Dreamville, Permex, Calle Waras, Assumption), Dumagsa, portion of Brgy. Talisayan",2026-07-20 12:30,2026-07-20 18:30
"Sinubong Single Phase Recloser - Patalon, Labuan, Limpapa",2026-07-20 06:00,2026-07-20 12:00
"Victoria Recloser - Brgy. Victoria, Manicahan, Lapakan, Cabaluay, Cacao, Guisao, Tolosa",2026-07-18 09:00,2026-07-18 14:00
"Rio Hondo Feeder - Camanchile Substation to Veterans Ave, ZCMC, Metrodiscom, LTO Office, part of Rizal Street",2026-07-18 09:00,2026-07-18 11:00
"50kVA Common Distribution Transformer - portion of Transcycle Motors, MCLL Highway, Mercedes",2026-07-17 08:30,2026-07-17 12:30
"Bolong Recloser - Brgy. Bolong, Panubigan, Lubigan, Dita, Quiniput, Curuan",2026-07-16 09:00,2026-07-16 14:00
"3-phase Lateral Fuse Cutout - back of Atilano Compound, Brgy. Canelar",2026-07-16 09:00,2026-07-16 15:00
"Pamucutan 3-phase Recloser - part of Talisayan Zone, Brgy. Pamucutan to Sitio Anuling and Paya",2026-07-15 09:00,2026-07-15 15:00
Hotline Clamp - portion of Brgy. Cacao to Brgy. Tolosa,2026-07-15 09:00,2026-07-15 14:00
"Boalan Recloser - Tala Boalan, Tala Lumbangan, Farcas Dr, Enriquez Dr, BT, Lumiyap, Santiago Rd, Divisoria",2026-07-13 12:00,2026-07-13 18:00
"Boalan Recloser - Tala Boalan, Tala Lumbangan, Farcas Dr, Enriquez Dr, BT, Lumiyap, Santiago Rd, Divisoria",2026-07-10 12:00,2026-07-10 18:00
Fuse cut-out - Barangay Lapakan,2026-07-09 08:00,2026-07-09 12:00
Calabasa Recloser - Barangay Calabasa,2026-07-08 08:00,2026-07-08 12:00
"Boalan Recloser - Tala Boalan, Tala Lumbangan, Farcas Dr, Enriquez Dr, BT, Lumiyap, Santiago Rd, Divisoria",2026-07-07 12:00,2026-07-07 18:00
"Divisoria Feeder - portions of Brgy. Putik; entire Brgy. Divisoria, Lumbangan, Lumayang, Tala, Boalan",2026-06-28 16:00,2026-06-28 18:00
Lateral line - portion of lower Cabatangan,2026-06-27 08:00,2026-06-27 16:00
"Lateral line - Lantawan, Busay",2026-06-27 08:00,2026-06-27 16:00
"Single Phase Lateral Line - Montesino Drive, Sta. Maria",2026-06-25 09:00,2026-06-25 12:00
Bunguiao Recloser and fuse cut-out - Brgy. Bunguiao,2026-06-02 08:00,2026-06-02 16:00
"Sinunuc Feeder - Miramar Home Owners, Sinunuc Interior & Katilingban, Pitogo and Sinunuc Hi-way from Maasin Elementary School",2026-05-22 16:40,2026-05-22 16:55
Calarian Feeder - portion of Suterville beside WESMINCOM,2026-05-09 09:00,2026-05-09 16:00
"Sinunuc Feeder - Miramar Home Owners, Sinunuc Interior & Katilingban, Pitogo and Sinunuc Hi-way from Maasin Elementary School, part of Cawit, Baluno, portion of Recodo",2026-04-30 12:30,2026-04-30 18:30
Baliwasan Tabuk Recloser & Dedicated Feeder (re-tapping),2026-04-30 10:30,2026-04-30 11:30
"C8 Structure - J. Johnston-Campo Islam intersection to Carmelito Monastery, Baliwasan Seaside, portion of R.T. Lim Blvd, Baliwasan Chico and Baliwasan Grande",2026-04-30 05:30,2026-04-30 11:30
"Baliwasan Tabuk Recloser & Dedicated Feeder (isolation) - Baliwasan Tabuk, Grande, Chico, Seaside, R.T. Lim Blvd, Brent Hospital; Suterville, Azucena, Suter St, Wesmincom",2026-04-30 05:30,2026-04-30 06:30
"San Ramon Recloser - Part of San Ramon, Sinubong, Patalon, Labuan, Limpapa, Ecozone",2026-04-29 12:00,2026-04-29 18:00
"Talisayan Feeder - portion of Brgy. Ayala (Zone 8, Asumption Phase 1 & 2), Dumagsa road, Blue Homes Ayala, portion of Talisayan (Calle Waras, Permex, Old Highway Talisayan)",2026-04-29 06:00,2026-04-29 12:00
"Sinunuc Feeder - Miramar Home Owners, Sinunuc Interior & Katilingban, Pitogo and Sinunuc Hi-way from Maasin Elementary School, part of Cawit, Baluno, portion of Recodo",2026-04-27 12:30,2026-04-27 18:30
Baliwasan Tabuk Recloser & Dedicated Feeder (re-tapping),2026-04-27 10:30,2026-04-27 11:30
"C8 Structure - J. Johnston-Campo Islam intersection to Carmelito Monastery, Baliwasan Seaside, portion of R.T. Lim Blvd, Baliwasan Chico and Baliwasan Grande",2026-04-27 05:30,2026-04-27 11:30
"Baliwasan Tabuk Recloser & Dedicated Feeder (isolation) - Baliwasan Tabuk, Grande, Chico, Seaside, R.T. Lim Blvd, Brent Hospital; Suterville, Azucena, Suter St, Wesmincom",2026-04-27 05:30,2026-04-27 06:30
"San Ramon Recloser - Part of San Ramon, Sinubong, Patalon, Labuan, Limpapa, Ecozone",2026-04-25 12:00,2026-04-25 18:00
"Talisayan Feeder - portion of Brgy. Ayala (Zone 8, Asumption Phase 1 & 2), Dumagsa road, Blue Homes Ayala, portion of Talisayan (Calle Waras, Permex, Old Highway Talisayan)",2026-04-25 06:00,2026-04-25 12:00
"Sinunuc Feeder - Miramar Home Owners, Sinunuc Interior & Katilingban, Pitogo and Sinunuc Hi-way from Maasin Elementary School, part of Cawit, Baluno, portion of Recodo",2026-04-23 12:30,2026-04-23 18:30
"San Ramon Recloser - Part of San Ramon, Sinubong, Patalon, Labuan, Limpapa, Ecozone",2026-04-22 12:00,2026-04-22 18:00
"Lateral Single Phase - Lustre St, Brgy. Sta. Catalina",2026-04-22 09:00,2026-04-22 16:00
"Talisayan Feeder - portion of Brgy. Ayala (Zone 8, Asumption Phase 1 & 2), Dumagsa road, Blue Homes Ayala, portion of Talisayan (Calle Waras, Permex, Old Highway Talisayan)",2026-04-22 06:00,2026-04-22 12:00
"Sinunuc Feeder - Miramar Home Owners, Sinunuc Interior & Katilingban, Pitogo and Sinunuc Hi-way from Maasin Elementary School, part of Cawit, Baluno, portion of Recodo",2026-04-20 12:30,2026-04-20 18:30
Baliwasan Tabuk Recloser & Dedicated Feeder (re-tapping),2026-04-20 10:30,2026-04-20 11:30
"C8 Structure - J. Johnston-Campo Islam intersection to Carmelito Monastery, Baliwasan Seaside, portion of R.T. Lim Blvd, Baliwasan Chico and Baliwasan Grande",2026-04-20 05:30,2026-04-20 11:30
"Baliwasan Tabuk Recloser & Dedicated Feeder (isolation) - Baliwasan Tabuk, Grande, Chico, Seaside, R.T. Lim Blvd, Brent Hospital; Suterville, Azucena, Suter St, Wesmincom",2026-04-20 05:30,2026-04-20 06:30
"San Ramon Recloser - Part of San Ramon, Sinubong, Patalon, Labuan, Limpapa, Ecozone",2026-04-19 12:00,2026-04-19 18:00
"Talisayan Feeder - portion of Brgy. Ayala (Zone 8, Asumption Phase 1 & 2), Dumagsa road, Blue Homes Ayala, portion of Talisayan (Calle Waras, Permex, Old Highway Talisayan)",2026-04-19 06:00,2026-04-19 12:00
Pasobolong Feeder (closing of disconnect switch),2026-04-18 17:30,2026-04-18 18:00
"Pasobolong Feeder (isolation of disconnect switch) - Ducaan Boalan, Lumiyap, Buenagatas, Boalan to Sitio Makulum, Zambowood, Pasobolong, Presa Zone 2",2026-04-18 12:00,2026-04-18 12:30
"DS Switch at Golden Haven - Habitat Village, Zambowood, Makulum Lumbangan, Boalan Buenagatas, Ducaan Boalan",2026-04-18 12:00,2026-04-18 18:00
Divisoria Feeder (re-tapping) - same areas,2026-04-18 10:30,2026-04-18 11:30
"Pasonanca Feeder - Pasonanca, Blue Homes, Carmen Valley, Cabatangan, Capisan, Upper Pasonanca, Sitio Santos Village and others",2026-04-18 09:00,2026-04-18 16:00
"Divisoria Feeder (isolation) - portions of Putik; Divisoria, Lumbangan to Sitio Maculum, Lumayang, Tala, Boalan",2026-04-18 05:30,2026-04-18 06:30
"C8 Structure - Wee Sit Dri, Gutierrez Compound (Putik), Alta Gracia, Joy Urvan Poor, Isantiago Road (Divisoria), Divisoria Highway, Felizario Subd, Covaruvias Drive, Lumbangan, IBT, Lumayang, Lumiyap, Farcas Dr",2026-04-18 05:30,2026-04-18 11:30
"Sinunuc Feeder - Miramar Home Owners, Sinunuc Interior & Katilingban, Pitogo and Sinunuc Hi-way from Maasin Elementary School, part of Cawit, Baluno, portion of Recodo",2026-04-17 12:30,2026-04-17 18:30
Baliwasan Tabuk Recloser & Dedicated Feeder (re-tapping),2026-04-17 10:30,2026-04-17 11:30
"Fuse Cut-out - Brgy. Tolosa, Pangulayan, Lanote, Kalitang, Sitio Campo Doz, Imelda",2026-04-17 08:00,2026-04-17 14:00
"C8 Structure - J. Johnston-Campo Islam intersection to Carmelito Monastery, Baliwasan Seaside, portion of R.T. Lim Blvd, Baliwasan Chico and Baliwasan Grande",2026-04-17 05:30,2026-04-17 11:30
"Baliwasan Tabuk Recloser & Dedicated Feeder (isolation) - Baliwasan Tabuk, Grande, Chico, Seaside, R.T. Lim Blvd, Brent Hospital; Suterville, Azucena, Suter St, Wesmincom",2026-04-17 05:30,2026-04-17 06:30
"San Ramon Recloser - Part of San Ramon, Sinubong, Patalon, Labuan, Limpapa, Ecozone",2026-04-16 12:00,2026-04-16 18:00
"V-phase Lateral Cutout - Padre Pio St, Brgy. Camino Nuevo",2026-04-16 09:00,2026-04-16 12:00
"Fuse cut-out & Bunguiao Recloser - Brgy. Bunguiao, Upper Dulian",2026-04-16 08:00,2026-04-16 14:00
"Fuse Cut-out - Brgy. Tolosa, Pangulayan, Lanote, Kalitang, Sitio Campo Doz, Imelda",2026-04-16 08:00,2026-04-16 14:00
"Talisayan Feeder - portion of Brgy. Ayala (Zone 8, Asumption Phase 1 & 2), Dumagsa road, Blue Homes Ayala, portion of Talisayan (Calle Waras, Permex, Old Highway Talisayan)",2026-04-16 06:00,2026-04-16 12:00
Pasobolong Feeder (closing of disconnect switch),2026-04-15 17:30,2026-04-15 18:00
"Pasobolong Feeder (isolation of disconnect switch) - Ducaan Boalan, Lumiyap, Buenagatas, Boalan to Sitio Makulum, Zambowood, Pasobolong, Presa Zone 2",2026-04-15 12:00,2026-04-15 12:30
"DS Switch at Golden Haven - Habitat Village, Zambowood, Makulum Lumbangan, Boalan Buenagatas, Ducaan Boalan",2026-04-15 12:00,2026-04-15 18:00
Divisoria Feeder (re-tapping) - same areas,2026-04-15 10:30,2026-04-15 11:30
"Lateral Single Phase - Fernandez Street, Rio Hondo",2026-04-15 09:00,2026-04-15 15:00
Guisao Recloser - Brgy. Guisao,2026-04-15 08:00,2026-04-15 14:00
"Divisoria Feeder (isolation) - portions of Putik; Divisoria, Lumbangan to Sitio Maculum, Lumayang, Tala, Boalan",2026-04-15 05:30,2026-04-15 06:30
"C8 Structure - Wee Sit Dri, Gutierrez Compound (Putik), Alta Gracia, Joy Urvan Poor, Isantiago Road (Divisoria), Divisoria Highway, Felizario Subd, Covaruvias Drive, Lumbangan, IBT, Lumayang, Lumiyap, Farcas Dr",2026-04-15 05:30,2026-04-15 11:30
"Sinunuc Feeder - Miramar Home Owners, Sinunuc Interior & Katilingban, Pitogo and Sinunuc Hi-way from Maasin Elementary School, part of Cawit, Baluno, portion of Recodo",2026-04-14 12:30,2026-04-14 18:30
Baliwasan Tabuk Recloser & Dedicated Feeder (re-tapping),2026-04-14 10:30,2026-04-14 11:30
"Sta. Catalina Recloser - Sta. Catalina, Sta. Barbara, Kasanyangan",2026-04-14 09:00,2026-04-14 09:10
Lateral serving Dustone Drive,2026-04-14 09:00,2026-04-14 16:00
"C8 Structure - J. Johnston-Campo Islam intersection to Carmelito Monastery, Baliwasan Seaside, portion of R.T. Lim Blvd, Baliwasan Chico and Baliwasan Grande",2026-04-14 05:30,2026-04-14 11:30
"Baliwasan Tabuk Recloser & Dedicated Feeder (isolation) - Baliwasan Tabuk, Grande, Chico, Seaside, R.T. Lim Blvd, Brent Hospital; Suterville, Azucena, Suter St, Wesmincom",2026-04-14 05:30,2026-04-14 06:30
"San Ramon Recloser - Part of San Ramon, Sinubong, Patalon, Labuan, Limpapa, Ecozone",2026-04-13 12:00,2026-04-13 18:00
A4 Hotline Clamp - Brgy. Sibulao after the steel bridge,2026-04-13 09:00,2026-04-13 13:00
"Talisayan Feeder - portion of Brgy. Ayala (Zone 8, Asumption Phase 1 & 2), Dumagsa road, Blue Homes Ayala, portion of Talisayan (Calle Waras, Permex, Old Highway Talisayan)",2026-04-13 06:00,2026-04-13 12:00
Pasobolong Feeder (closing of disconnect switch),2026-04-12 17:30,2026-04-12 18:00
"Pasobolong Feeder (isolation of disconnect switch) - Ducaan Boalan, Lumiyap, Buenagatas, Boalan to Sitio Makulum, Zambowood, Pasobolong, Presa Zone 2",2026-04-12 12:00,2026-04-12 12:30
"DS Switch at Golden Haven - Habitat Village, Zambowood, Makulum Lumbangan, Boalan Buenagatas, Ducaan Boalan",2026-04-12 12:00,2026-04-12 18:00
"Dedicated Feeder & Baliwasan Recloser - Suterville, Azucena, Suter St, Wesmincom, Baliwasan Tabuk, Grande, Chico, Seaside, R.T. Lim Blvd to Brent Hospital",2026-04-12 09:00,2026-04-12 11:00
"Sinunuc Feeder - Miramar Home Owners, Sinunuc Interior & Katilingban, Pitogo and Sinunuc Hi-way from Maasin Elementary School, part of Cawit, Baluno, portion of Recodo",2026-04-11 12:30,2026-04-11 18:30
Baliwasan Tabuk Recloser & Dedicated Feeder (re-tapping),2026-04-11 10:30,2026-04-11 11:30
Fuse cutout at Pamucutan Zone 2 - Pamucutan to Sitio Anuling,2026-04-11 08:00,2026-04-11 12:00
"Dita Recloser - Brgy. Quiniput, Curuan, Sibutad, Latuan, Calabasa, Buenavista, Muti",2026-04-11 08:00,2026-04-11 14:00
"C8 Structure - J. Johnston-Campo Islam intersection to Carmelito Monastery, Baliwasan Seaside, portion of R.T. Lim Blvd, Baliwasan Chico and Baliwasan Grande",2026-04-11 05:30,2026-04-11 11:30
"Baliwasan Tabuk Recloser & Dedicated Feeder (isolation) - Baliwasan Tabuk, Grande, Chico, Seaside, R.T. Lim Blvd, Brent Hospital; Suterville, Azucena, Suter St, Wesmincom",2026-04-11 05:30,2026-04-11 06:30
"San Ramon Recloser - Part of San Ramon, Sinubong, Patalon, Labuan, Limpapa, Ecozone",2026-04-10 12:00,2026-04-10 18:00
"Sta. Catalina Recloser - Brgy. Sta. Catalina, Sta. Barbara, Kasanyangan",2026-04-10 09:00,2026-04-10 13:00
"Single Phase Lateral - Lustre Street, Brgy. Sta. Catalina",2026-04-10 09:00,2026-04-10 13:00
"Talisayan Feeder - portion of Brgy. Ayala (Zone 8, Asumption Phase 1 & 2), Dumagsa road, Blue Homes Ayala, portion of Talisayan (Calle Waras, Permex, Old Highway Talisayan)",2026-04-10 06:00,2026-04-10 12:00
"Tetuan Recloser (re-tapping) - Don Alfaro St, Tetuan to Tugbungan, Talon-Talon Loop",2026-04-08 12:45,2026-04-08 13:00
V-phase Lateral Line - Talon-Talon Loop,2026-04-08 09:00,2026-04-08 13:00
"Tetuan Recloser (isolation) - Don Alfaro St, Tetuan to Tugbungan, Villarez St, Talon-Talon Loop, Barigon, Lopez Subd, Los Primos, Daisy Road, Falcatan St",2026-04-08 09:00,2026-04-08 09:15
"Upper Cabatangan Single-phase lateral line - Upper Cabatangan, Julian Dr, Luisa Dr, Edgardo Dr, Shermal Subdivision, Guadalupe Subdivision",2026-04-07 09:00,2026-04-07 16:00
"Talisayan Feeder (emergency) - portion of Brgy. Ayala (NJB Subd, Dreamville, Permex, Calle Waras, Assumption), Dumagsa, portion of Talisayan",2026-03-30 07:40,2026-03-30 07:55
"Sta. Maria and Presa Feeder (emergency) - Tetuan H-way incl. Coca-Cola Bottling Plant, Guadalupe Dr, Veterans Avenue area, WestMetro/WMMC Hospital, Camino Nuevo, Sta. Maria",2026-03-29 17:50,2026-03-29 18:50
"Baliwasan Feeder - J. Johnston St/Bal. Tabuk, Baliwasan Grande, Manggal Dr, Ranches & Atilano Dr, Sea Front Subd, Baliwasan Seaside, Baliwasan Chico, R.T. Lim Blvd, ZC Polytechnic College, Mayor JF Enriquez Grandstand, Sanggunihan Bldg, Pilar College, Carmelite Sisters Church, portion of PC Compound",2026-03-28 05:30,2026-03-28 11:30
"Arena Blanco, Presa, Guiwan, Tumaga, Northside, Tetuan & Sta. Maria Feeders (emergency; re-tapping primary jumpers for energization of 10MVA transformer)",2026-03-27 14:30,2026-03-27 15:30
"Portion of Mercedes Feeder (rotational) - Perez Dr Putik, Brgy Putik, Cuvarrubiaz Dr, Farkas Dr, Lumiyap Dr, Lumbangan, Lumayang, Tala, IBT, Divisoria Highway",2026-03-27 09:00,2026-03-27 17:00
"Boalan Recloser (rotational) - Ducaan Boalan to Lumiyap, Buenagatas, Sitio Makulum, Zambowood, Pasobolong, Zone 2 to Nazarotto, Salaan, Lugakit, Hapa to Baluno, RSAF Road, Villa Tereza, Mercedes New Hi-way, Blue Homes, Whole View Island",2026-03-27 09:00,2026-03-27 17:00
"Cabaluay Recloser (emergency) - Cabaluay, Culianan, Tolosa, Guisao, Lanzones, Buenakapok, portion of Mercedes, Mulu-muluan, Talabaan, Taluksangay",2026-03-27 05:00,2026-03-27 10:00
"Tumaga Recloser (rotational) - Tumaga Rd, Star St, Araneta Dr, DPWH & City Vet Office, Uranus Dr, Pluto Dr, Earth St, Atcho to Presa Mayor, Domsat, Paraiso, Kalayaan, Shanti Town, Luyahan Housing, Sun St, Tumaga-Lunzuran Rd, Antipolo Dr, Filinvest, Villa Patricio, Landco, Lunzuran Rd, Yang Subdivision",2026-03-27 01:00,2026-03-27 09:00
"Portion of Culianan Feeder (rotational) - Manicahan Central School, Poblacion, Motamot, Chico Dr, Sampang Salamat, Ayala, PLDT Manicahan, Fisherman Village, Nazareth Culianan, Buenakapok, portion of Lanzones, Mercedes Recloser, Balinsungay Mercedes, Arcillas, Talabaan, Taluksangay, Mulu-muluan",2026-03-27 01:00,2026-03-27 09:00
"Portion of Mercedes Feeder (rotational) - Perez Dr Putik, Brgy Putik, Cuvarrubiaz Dr, Farkas Dr, Lumiyap Dr, Lumbangan, Lumayang, Tala, IBT, Divisoria Highway",2026-03-26 17:00,2026-03-27 01:00
"Boalan Recloser (rotational) - Ducaan Boalan to Lumiyap, Buenagatas, Sitio Makulum, Zambowood, Pasobolong, Zone 2 to Nazarotto, Salaan, Lugakit, Hapa to Baluno, Mercedes New Hi-way",2026-03-26 17:00,2026-03-27 01:00
"Palayan Recloser (emergency) - Ducaan Boalan to Lumiyap, Buenagatas, Sitio Makulum, Zambowood, Pasobolong, Zone 2 to Nazarotto, Salaan, Lugakit, Hapa to Baluno, RSAF Road, Villa Tereza, Mercedes New Hi-way, Blue Homes, NFR",2026-03-26 13:00,2026-03-26 18:00
"Sutterville Recloser (emergency) - Brgy. Campo Islam, Philippine Naval Station, portion of Suterville (Maruji Dr, Mangga Dr, Orchid Dr), DITO Telecommunity, Petron",2026-03-26 12:40,2026-03-26 13:20
"Tumaga Recloser (rotational) - Tumaga Rd, Star St, Araneta Dr, Uranus Dr, Pluto Dr, Earth St, Domsat, Paraiso, Kalayaan, Shanti Town, Luyahan Housing, Sun St, Antipolo Dr, Filinvest, Villa Patricio, Landco, Lunzuran Rd, Yang Subdivision",2026-03-26 09:00,2026-03-26 17:00
"Portion of Culianan Feeder (rotational) - Manicahan Central School, Poblacion, Motamot, Chico Dr, Sampang Salamat, Ayala, PLDT Manicahan, Fisherman Village, Nazareth Culianan, Buenakapok, portion of Lanzones, Mercedes Recloser, Balinsungay Mercedes, Arcillas, Talabaan, Taluksangay, Mulu-muluan",2026-03-26 09:00,2026-03-26 17:00
Boalan Recloser & portion of Mercedes Feeder (rotational),2026-03-26 01:00,2026-03-26 09:00
"Zamboanga-Tumaga 69kV line (Putik and Sangali Substations) - Guiwan, Tumaga, Arena Blanco, Presa, Mercedes, Tetuan, Northside, ZAMPEN, Culianan, Curuan & Fishing Port feeders (tapping of 69kV line jumper serving Culianan Substation)",2026-03-25 22:00,2026-03-26 04:00
Tumaga Recloser & portion of Culianan Feeder (rotational),2026-03-25 17:00,2026-03-26 01:00
Ayala/La Paz Substation - Talisayan & Labuan Feeders (emergency; pullout of 10MVA power transformer at Ayala substation),2026-03-25 16:30,2026-03-25 20:30
"Portion of a Mercedes Feeder (rotational) - Perez Dr Putik, Brgy Putik, Cuvarrubiaz Dr, Farkas Dr, Lumiyap Dr, Lumbangan, Lumayang, Tala, IBT, Divisoria Highway",2026-03-25 09:00,2026-03-25 17:00
"Boalan Recloser (rotational) - Ducaan Boalan to Lumiyap, Buenagatas, Sitio Makulum, Zambowood, Pasobolong, Zone 2 to Nazarotto, Salaan, Lugakit, Hapa to Baluno, Mercedes New Hi-way, Blue Homes, NFR",2026-03-25 09:00,2026-03-25 17:00
"Baliwasan Feeder - J. Johnston St/Bal. Tabuk, Baliwasan Grande, Manggal Dr, Ranches & Atilano Dr, Sea Front Subd, Baliwasan Seaside, Baliwasan Chico, R.T. Lim Blvd, ZC Polytechnic College, Mayor JF Enriquez Grandstand, Sanggunihan Bldg, Pilar College, Carmelite Sisters Church, portion of PC Compound",2026-03-25 05:30,2026-03-25 11:30
"Tumaga Recloser (rotational) - Tumaga Rd, Star St, Araneta Dr, Uranus Dr, Pluto Dr, Earth St, Domsat, Paraiso, Kalayaan, Shanti Town, Luyahan Housing, Sun St, Antipolo Dr, Filinvest, Villa Patricio, Landco, Lunzuran Rd, Yang Subdivision",2026-03-25 01:00,2026-03-25 09:00
"Portion of Culianan Feeder (rotational) - Manicahan Central School, Poblacion, Motamot, Chico Dr, Sampang Salamat, Ayala, PLDT Manicahan, Fisherman Village, Nazareth Culianan, Buenakapok, Mercedes Recloser, Balinsungay Mercedes",2026-03-25 01:00,2026-03-25 09:00
"Emergency load backup - Sto. Nino Cutout Fuse, Paseo del Putik Cutout Line, Porcentro Hotline Clamp, Aurora Cutout Line, Arena Blanco Feeder",2026-03-25 01:00,2026-03-25 09:00
Boalan Recloser & portion of Mercedes Feeder (rotational),2026-03-25 01:00,2026-03-25 09:00
"Tumaga Feeder and Culianan Feeder (emergency; install disconnecting switch on Mercedes Feeder take-off at Putik Substation, Culianan Highway near Ester Pata House and Calle Socorro Mercedes)",2026-03-24 17:20,2026-03-24 19:20
"Portion of a Mercedes Feeder & Entire Boalan Recloser (rotational) - Perez Dr Putik, Cuvarrubiaz Dr, Farkas Dr, Lumiyap Dr, Lumbangan, Ducaan Boalan, Buenagatas, Sitio Makulum, Zambowood, Pasobolong, Zone 2 Nazarotto, Salaan, Lugakit, Hapa to Baluno, Mercedes New Hi-way, Blue Homes, NFR",2026-03-24 17:00,2026-03-25 01:00
"Sta. Maria, Presa & Northside Feeders (emergency; load transfer from portion of Presa feeder to Sta. Maria feeder) - Tetuan Hi-way incl. Coca-Cola Bottling Plant, Guadalupe Dr, Veterans Ave area, WestMetro/WMMC Hospital, Cabato Road",2026-03-24 10:00,2026-03-24 11:00
"Palayan Recloser (emergency; load transfer Culianan Feeder to portion of Mercedes Feeder) - Culianan, part of Mercedes, Mulu-muluan, part of Talabaan and Taluksangay",2026-03-24 10:00,2026-03-24 11:00
"Sta. Maria, Guiwan, Tumaga, Presa, Arena Blanco Feeders and Palayan Recloser (emergency; load transfer from Hyosung PTX feeder to Shilin PTX feeders)",2026-03-23 20:00,2026-03-23 21:00
"Mercedes, Tetuan, Northside & ZAMPEN feeders - Putik Substation 20MVA transformer maintenance (rescheduled from Mar 21 for Eid; repeatedly extended after oil leak; partial restoration via load transfers/rotational schedules from Mar 23; target full energization Mar 27 05:00)",2026-03-22 05:00,2026-03-27 05:00
"Sta. Catalina Recloser (re-tapping) - Sta. Catalina, Sta. Barbara, Kasanyangan",2026-03-11 12:00,2026-03-11 12:20
"Sta. Catalina Recloser (isolation) - Sta. Catalina, Sta. Barbara, Kasanyangan",2026-03-11 09:00,2026-03-11 09:20
"Martha 3-phase primary line - Martha Dr, Vicente Chiong Dr, Ayer Village, CMUP Dr, ABG Dr",2026-03-11 09:00,2026-03-11 12:00
"50kVA Common Transformer - Martha and Baradero drive, Brgy. Sta. Catalina",2026-03-11 09:00,2026-03-11 16:00
3-phase lateral line - Brgy. Lamisahan,2026-03-11 08:00,2026-03-11 14:00
"Baliwasan Recloser & Dedicated feeder (re-tapping) - Baliwasan Tabuk to Brent Hospital; Suterville, Azucena, Suter St, Wesmincom, Camp General Hospital",2026-03-10 11:00,2026-03-10 12:00
"C8 Structure near ZPPSU - Baliwasan Chico, ZPPSU (Seaside) to Brent Hospital",2026-03-10 06:00,2026-03-10 12:00
"Baliwasan Recloser (isolation of C8 construction) - Baliwasan Tabuk, Grande, Chico, Seaside, R.T. Lim Blvd to Brent Hospital",2026-03-10 06:00,2026-03-10 07:00
"Baliwasan Recloser & Dedicated feeder (re-tapping) - Baliwasan Tabuk to Brent Hospital; Suterville, Azucena, Suter St, Wesmincom, Camp General Hospital",2026-03-07 11:00,2026-03-07 12:00
"C8 Structure near ZPPSU - Baliwasan Chico, ZPPSU (Seaside) to Brent Hospital",2026-03-07 06:00,2026-03-07 12:00
"Baliwasan Recloser (isolation of C8 construction) - Baliwasan Tabuk, Grande, Chico, Seaside, R.T. Lim Blvd to Brent Hospital",2026-03-07 06:00,2026-03-07 07:00
"Baliwasan Recloser & Dedicated feeder (re-tapping) - Baliwasan Tabuk to Brent Hospital; Suterville, Azucena, Suter St, Wesmincom, Camp General Hospital",2026-03-04 11:00,2026-03-04 12:00
"C8 Structure near ZPPSU - Baliwasan Chico, ZPPSU (Seaside) to Brent Hospital",2026-03-04 06:00,2026-03-04 12:00
"Baliwasan Recloser (isolation of C8 construction) - Baliwasan Tabuk, Grande, Chico, Seaside, R.T. Lim Blvd to Brent Hospital",2026-03-04 06:00,2026-03-04 07:00
"Baliwasan Recloser & Dedicated feeder (re-tapping) - Baliwasan Tabuk to Brent Hospital; Suterville, Azucena, Suter St, Wesmincom, Camp General Hospital",2026-03-01 11:00,2026-03-01 12:00
"C8 Structure near ZPPSU - Baliwasan Chico, ZPPSU (Seaside) to Brent Hospital",2026-03-01 06:00,2026-03-01 12:00
"Baliwasan Recloser (isolation of C8 construction) - Baliwasan Tabuk, Grande, Chico, Seaside, R.T. Lim Blvd to Brent Hospital",2026-03-01 06:00,2026-03-01 07:00
"Baliwasan Recloser & Dedicated feeder (re-tapping) - Baliwasan Tabuk to Brent Hospital; Suterville, Azucena, Suter St, Wesmincom, Camp General Hospital",2026-02-26 11:00,2026-02-26 12:00
"C8 Structure near ZPPSU - Baliwasan Chico, ZPPSU (Seaside) to Brent Hospital",2026-02-26 06:00,2026-02-26 12:00
"Baliwasan Recloser (isolation of C8 construction) - Baliwasan Tabuk, Grande, Chico, Seaside, R.T. Lim Blvd to Brent Hospital",2026-02-26 06:00,2026-02-26 07:00
"Baliwasan Recloser & Dedicated feeder (re-tapping) - Baliwasan Tabuk to Brent Hospital; Suterville, Azucena, Suter St, Wesmincom, Camp General Hospital",2026-02-23 11:00,2026-02-23 12:00
"C8 Structure near ZPPSU - Baliwasan Chico, ZPPSU (Seaside) to Brent Hospital",2026-02-23 06:00,2026-02-23 12:00
"Baliwasan Recloser (isolation of C8 construction) - Baliwasan Tabuk, Grande, Chico, Seaside, R.T. Lim Blvd to Brent Hospital",2026-02-23 06:00,2026-02-23 07:00
"Culianan Feeder (emergency) - portion of Brgy. Sangali, Victoria, Upper Victoria, CFCA Victoria, Manicahan, Lapakan, Cabaluay, Cacao, Guisao",2026-02-18 12:00,2026-02-18 13:00
